video,frame,t_sec,cx_px,cy_px,mask_area,vx_px_per_s,vy_px_per_s,ax_px_per_s2,ay_px_per_s2
G2_MoonFall_Sora2,0,0.0,639.7303776810934,309.85933810305255,6702.86962890625,-8.71359956727134,-1171.0533006491664,102.45137984870135,29560.064280384115
G2_MoonFall_Sora2,1,0.0333333333333333,639.4399243621843,270.8242280814137,10091.787109375,-5.298553572314631,-4.49332973259061,119.3101503786343,19450.774374324585
G2_MoonFall_Sora2,2,0.0666666666666666,639.3771407762723,309.5597827875465,6683.0791015625,-0.7595895420290617,580.8874863014939,81.15518088965487,11056.327677703932
G2_MoonFall_Sora2,3,0.1,639.3892850593826,309.55006050151326,6681.037109375,0.11179182032901736,-2.2966761164161653,20.49862567022498,4376.724190522156
G2_MoonFall_Sora2,4,0.1333333333333333,639.3845935642942,309.40667104645206,6673.3046875,0.6069855026526056,-8.127692595154258,0.6647932195392068,-588.0360872207348
G2_MoonFall_Sora2,5,0.1666666666666666,639.4297507595594,309.00821432850296,6665.75048828125,0.15611136829829775,-12.62537091712511,-16.817187766755502,-3837.9531555247777
G2_MoonFall_Sora2,6,0.2,639.3950009888475,308.56497965197707,6663.80810546875,-0.5141603484644293,-11.684430482220705,-7.282883434863786,-3148.546762444039
G2_MoonFall_Sora2,7,0.2333333333333333,639.395473402995,308.2292522963549,6675.1376953125,-0.32941419402595784,-9.835460136759139,11.332604723193084,-228.8344921353449
G2_MoonFall_Sora2,8,0.2666666666666666,639.3730400425791,307.9092823095265,6679.02734375,0.2413466330817755,-12.02413887601324,1.5434285462106727,699.7977359189058
G2_MoonFall_Sora2,9,0.3,639.4115631785337,307.427643037954,6693.88232421875,-0.22651895761191554,-14.011254262628427,-10.439272094026807,-43.2348664911256
G2_MoonFall_Sora2,10,0.3333333333333333,639.3579387787383,306.9751986920179,6700.6552734375,-0.45460483985334577,-15.926685456338419,-6.98563649578319,-74.58550804098536
G2_MoonFall_Sora2,11,0.3666666666666666,639.3812561892103,306.3658640075315,6687.37744140625,-0.6922280573307944,-19.480432867532727,-12.988936264919138,-98.07510896249183
G2_MoonFall_Sora2,12,0.4,639.3117902415829,305.67650316751576,6692.21923828125,-1.3205339241812908,-22.012039186432048,6.401150886977241,-104.76840464863336
G2_MoonFall_Sora2,13,0.4333333333333333,639.2932205942649,304.89839472843596,6714.21923828125,-0.26548466486565303,-26.334964948618108,22.563352647121103,-116.58005108158717
G2_MoonFall_Sora2,14,0.4666666666666667,639.2940912639252,303.9208388376079,6706.3896484375,0.18368958562678017,-30.385218492376225,10.079666009351046,-127.92416779674794
G2_MoonFall_Sora2,15,0.5,639.30546656664,302.87271349561087,6702.048828125,0.4064930690910842,-34.0765215897045,-5.841310848772992,-117.89759955252079
G2_MoonFall_Sora2,16,0.5333333333333333,639.3211908018646,301.6490707316276,6707.85595703125,-0.2057311376247526,-37.42901870959486,-4.897541838945473,-93.7486210044874
G2_MoonFall_Sora2,17,0.5666666666666667,639.291751157465,300.37744558163786,6705.2216796875,0.07999027982805273,-42.69088127762461,10.612491381161819,-79.8473738691277
G2_MoonFall_Sora2,18,0.6,639.3265234871865,298.80301197978594,6685.85205078125,0.5017682877860352,-46.43611955697634,2.374262195025949,-84.0442981442888
G2_MoonFall_Sora2,19,0.6333333333333333,639.3252023766507,297.2817042778394,6737.494140625,0.238274426163116,-46.26145059776263,0.7450174486984915,-93.69346836450391
G2_MoonFall_Sora2,20,0.6666666666666666,639.3424084489307,295.71891527326846,6733.8603515625,0.5514361176992679,-46.37170872140268,-10.081040583081633,-104.8243816431155
G2_MoonFall_Sora2,21,0.7,639.3619647844974,294.1902570297459,6750.6865234375,-0.43379494604232605,-50.26605316093901,-19.801165132503233,-109.21418863716467
G2_MoonFall_Sora2,22,0.7333333333333333,639.3134887858612,292.3678450625392,6723.5107421875,-0.7686415578009473,-59.10851767859003,-6.148110463664128,-123.10891245118833
G2_MoonFall_Sora2,23,0.7666666666666667,639.3107220139774,290.24968918450656,6713.228515625,-0.8436689769532677,-63.68735125002149,14.221920407853792,-149.2641442031627
G2_MoonFall_Sora2,24,0.8,639.2572441873976,288.1220216458711,6728.56396484375,0.17948646938930324,-67.31368823732737,20.410389413327724,-154.03449424383456
G2_MoonFall_Sora2,25,0.8333333333333334,639.3226877786034,285.76210996868474,6722.9248046875,0.5170236506019137,-71.44824278378292,18.110668246335994,-137.1343777329272
G2_MoonFall_Sora2,26,0.8666666666666667,639.2917124307711,283.35880546028557,6676.96875,1.3868643524783693,-74.16071606026799,0.8620272679854688,-104.3320543176468
G2_MoonFall_Sora2,27,0.9,639.415145402102,280.81806223133356,6688.66015625,0.5744921351342782,-81.63415291417641,-3.1007049511298916,-95.85722315582811
G2_MoonFall_Sora2,28,0.9333333333333332,639.3300119064468,277.9165285993405,6671.18896484375,1.1801506890697055,-83.67498933371098,22.284433807908428,-119.86278847716738
G2_MoonFall_Sora2,29,0.9666666666666668,639.4938221147066,275.2397296090861,6727.4287109375,2.0601210556615115,-86.43374031967187,-32.57595477580307,-142.04465903952277
G2_MoonFall_Sora2,30,1.0,639.4673533101575,272.1542792446957,6689.2890625,-0.9915796293171297,-90.31996045266487,-48.44185283393047,-158.63854793764173
G2_MoonFall_Sora2,31,1.0333333333333334,639.4277168060856,269.2183989122418,6680.69091796875,-1.1693357999338332,-93.36442163805577,45.827033228870135,-169.19133087247187
G2_MoonFall_Sora2,32,1.0666666666666669,639.3893975901619,265.9299844688253,6722.5458984375,2.063555919274222,-105.36775248189133,69.58726269761411,-198.52958076710732
G2_MoonFall_Sora2,33,1.1,639.5652872007038,262.1938820801157,6734.697265625,3.4698150465737854,-111.90671598984045,-36.22091419490074,-204.25388922389627
G2_MoonFall_Sora2,34,1.1333333333333333,639.6207185932669,258.4695367361693,6686.79931640625,-0.35117169371915224,-117.65173786855303,-75.6414530207533,-163.70533953345037
G2_MoonFall_Sora2,35,1.1666666666666667,639.5418757544559,254.35043288887886,6688.56982421875,-1.5729484881430835,-122.07000156299227,12.303789641719376,-141.02797761448275
G2_MoonFall_Sora2,36,1.2,639.515855360724,250.33153663196978,6697.5927734375,0.4690809490621177,-128.99405044549076,52.7813640152636,-152.1820811247265
G2_MoonFall_Sora2,37,1.2333333333333334,639.5731478177267,245.75082952584617,6665.6044921875,1.9458091128744854,-133.89200994771045,-23.594829586527794,-173.5761279804297
G2_MoonFall_Sora2,38,1.2666666666666666,639.6455759682489,241.40540263545574,6651.58056640625,-1.103907690039705,-130.27716746513988,-74.495157633237,-181.5519754565448
G2_MoonFall_Sora2,39,1.3,639.4995539717243,237.0656850281702,6646.666015625,-3.020534729341307,-139.65549307869833,33.16152307187683,-197.49766685076688
G2_MoonFall_Sora2,40,1.3333333333333333,639.4442069862927,232.09503643020918,6661.01220703125,1.106860514752043,-155.16311582701292,101.29042938755464,-217.77685167304733
G2_MoonFall_Sora2,41,1.3666666666666667,639.5733446727078,226.72147730636937,6691.9990234375,3.7321605631623243,-165.71976428341668,12.310167914265108,-245.98019676193482
G2_MoonFall_Sora2,42,1.4,639.6930176905034,221.0470521446481,6692.62158203125,1.9275383757030795,-165.00894956766842,-56.67813109897926,-283.2644699685679
G2_MoonFall_Sora2,43,1.4333333333333331,639.701847231088,215.72088066852484,6687.07080078125,-0.04638151010294678,-172.73392318101787,-16.724975543448018,-272.30190399019943
G2_MoonFall_Sora2,44,1.4666666666666666,639.68992558983,209.53145726591356,6704.2724609375,0.8125400061398977,-186.6081231401904,74.6358688056896,-266.33554227197783
G2_MoonFall_Sora2,45,1.5,639.7560165648307,203.28033912584544,6690.2001953125,4.9293430769430415,-194.04591079404145,36.17479847866878,-309.85172800990034
G2_MoonFall_Sora2,46,1.5333333333333334,640.0185484616262,196.59506321297744,6700.85888671875,3.224193238051157,-208.47291961855944,-86.1153849048239,-340.6178180652644
G2_MoonFall_Sora2,47,1.5666666666666669,639.9709627807007,189.3821444846081,6659.9697265625,-0.8116825833785697,-216.30609829303967,-8.241511073883132,-327.30503840428713
G2_MoonFall_Sora2,48,1.6,639.964436289401,182.1746566601081,6708.365234375,2.674759166458898,-227.81437432549683,84.12436556570384,-311.77271829342544
G2_MoonFall_Sora2,49,1.6333333333333333,640.1492800584646,174.19451952957502,6709.5205078125,4.796608454335001,-244.6049650626842,-71.1827971118228,-349.6420891514429
G2_MoonFall_Sora2,50,1.6666666666666667,640.2842101863566,165.8676589892625,6662.970703125,-2.0707606409960135,-250.81683451040453,-127.62673612155545,-400.782068123171
G2_MoonFall_Sora2,51,1.7,640.0112293490647,157.47339722888137,6661.814453125,-3.711840620435396,-257.9457299933306,123.40089402913578,-427.27010035419386
G2_MoonFall_Sora2,52,1.7333333333333334,640.0367541449945,148.67127698970717,6695.6884765625,6.155965627613114,-276.238426950174,145.5889187605216,-420.82899001005575
G2_MoonFall_Sora2,53,1.7666666666666666,640.4216270575721,139.05750209886975,6655.1337890625,5.994087296932776,-296.79753345459176,-94.65775133730801,-423.3001721538768
G2_MoonFall_Sora2,54,1.8,640.4363599647901,128.88477475940107,6743.9375,-0.15455112820745853,-316.78728670914006,-115.8983975106544,-528.9375740952236
G2_MoonFall_Sora2,55,1.8333333333333333,640.4113236490249,117.93834965159374,6731.197265625,-1.7324725371108798,-327.83235225990757,34.73736405967375,-601.5060622338468
G2_MoonFall_Sora2,56,1.8666666666666667,640.3208617956494,107.02928460874057,6667.4765625,2.1612731424374942,-337.72267051268364,128.51726866227193,-532.0677925420969
G2_MoonFall_Sora2,57,1.9,640.5554085251873,95.42350495074817,6725.70849609375,6.835345373707241,-355.1551478150677,38.08904912998527,-467.6237040978966
G2_MoonFall_Sora2,58,1.9333333333333331,640.7765514872299,83.3522747544028,6704.9033203125,4.700543084436504,-386.6977367128286,-90.15139574606141,-664.381291820766
G2_MoonFall_Sora2,59,1.9666666666666663,640.8687780641496,69.64365583655967,6751.47998046875,0.8252523239698348,-410.42754840567795,-50.102102975116225,-880.9041695128483
G2_MoonFall_Sora2,60,2.0,640.8315683088279,55.99043819402419,6781.560546875,1.3604028860954713,-398.5891519662873,87.75119363049339,-322.543939244564
G2_MoonFall_Sora2,61,2.033333333333333,640.9594715898893,43.07104570547375,6836.6611328125,6.675331899336015,-403.10479246412825,108.81617907597534,944.5973447446037
G2_MoonFall_Sora2,62,2.066666666666667,641.2765904354503,29.116785363082215,6828.3994140625,8.614814824493806,-418.5397652086909,20.77692039587363,2192.382432624444
G2_MoonFall_Sora2,63,2.1,641.5337925781889,15.168394691560934,6860.6494140625,8.060459925727628,-413.5756164697864,-154.4425957058689,3065.9717592963466
G2_MoonFall_Sora2,64,2.1333333333333333,641.8139544304989,1.5450775984298843,7028.09130859375,-1.6813582225640857,-227.52592037341478,-156.85003981041572,3452.6849268969563
G2_MoonFall_Sora2,65,2.1666666666666665,641.4217020300181,0.0,7066.8349609375,-2.396209394966718,40.22776197614334,19.961894399938792,3382.0268429915072
G2_MoonFall_Sora2,66,2.2,641.6542071375011,4.226928396839526,7051.01708984375,-0.35056526256812504,147.67336777346668,-64.32740787369914,2894.7199065769228
G2_MoonFall_Sora2,67,2.2333333333333334,641.3983310125135,9.84489118489779,7106.70703125,-6.684703253213229,172.42006610479507,-17.051607662160738,1954.780550510491
G2_MoonFall_Sora2,68,2.2666666666666666,641.2085602539536,15.721599470492492,7125.47509765625,-1.4873391067121702,175.28174942161576,171.4459382132742,600.1723399107013
G2_MoonFall_Sora2,69,2.3,641.299175072066,21.5303411463388,7178.97607421875,4.7450259610050125,153.96047659811364,121.85868800399524,-541.6779490867169
G2_MoonFall_Sora2,70,2.3333333333333335,641.5248953180205,25.985631243700084,7244.32763671875,6.63657342688748,127.14836965256904,-30.17545043819262,-788.2708575776275
G2_MoonFall_Sora2,71,2.3666666666666667,641.741613300525,30.006899123176765,7383.3193359375,2.733329265125576,121.35010308687112,-211.23280474035784,-565.4047021735793
G2_MoonFall_Sora2,72,2.4,641.7071172690289,34.07563811615813,7135.88525390625,-7.445613555802993,112.36845856728144,-170.1450409724845,-427.0234096657081
G2_MoonFall_Sora2,73,2.433333333333333,641.2452390634716,37.49812969432884,7178.14208984375,-8.609673466373351,98.21302568357765,55.345426425345515,-333.51263332300516
G2_MoonFall_Sora2,74,2.466666666666667,641.1331390379374,40.623173161729994,7277.560546875,-3.755918460779867,90.06767714864554,125.34174222097069,-269.418785669732
G2_MoonFall_Sora2,75,2.5,640.9948444994196,43.50264150423857,7331.01123046875,-0.2535573183085944,82.68527657755465,79.0728166546708,-283.22524728359355
G2_MoonFall_Sora2,76,2.533333333333333,641.116235216717,46.135524933566955,7173.849609375,1.5156026495315018,69.61428458424666,-10.881123505913843,-305.6329097970429
G2_MoonFall_Sora2,77,2.566666666666667,641.095884676055,48.14359380985502,7193.0693359375,-0.978965552036243,58.308844659942565,-39.3886621254745,-292.5484483069263
G2_MoonFall_Sora2,78,2.6,641.0509708465812,50.022781244229805,7221.3466796875,-1.1103081588335044,50.728647967624056,6.626070688143976,-293.6064439165439
G2_MoonFall_Sora2,79,2.6333333333333333,641.0218641321327,51.52550367436328,7244.46728515625,-0.5372275061599794,42.439484217394806,21.978414894229065,-294.44612692513243
G2_MoonFall_Sora2,80,2.6666666666666665,641.0151556795038,52.85208019205612,7279.1259765625,0.3549195007817616,30.418226001467588,34.896102384018164,-280.02206049905715
G2_MoonFall_Sora2,81,2.7,641.0455254321847,53.55338540779445,7251.67236328125,1.7891793194412458,20.993741644777174,24.253404587461446,-276.7801690894964
G2_MoonFall_Sora2,82,2.7333333333333334,641.1344343007999,54.2516629683746,7157.4384765625,1.9718131399458798,12.547621552218175,-9.377509289997793,-291.2396228323848
G2_MoonFall_Sora2,83,2.7666666666666666,641.1769796415144,54.38989351127566,7130.89697265625,1.164012033441395,2.5846550248970743,-37.59930526870461,-303.1969928147478
G2_MoonFall_Sora2,84,2.8,641.2120351030293,54.423973303367745,7123.34033203125,-0.5348072113010858,-5.7381285371061495,-24.594964821699524,-295.7362787619892
G2_MoonFall_Sora2,85,2.8333333333333335,641.1413258274276,54.00735160880191,7235.89453125,-0.47565228800522164,-17.674615626896752,-5.247545666998198,-292.94814942171473
G2_MoonFall_Sora2,86,2.8666666666666667,641.1803249504956,53.24566559490796,7239.19873046875,-0.8846435891009605,-27.22144605820472,-24.829597578727856,-302.39541169089085
G2_MoonFall_Sora2,87,2.9,641.0823495881542,52.19258853825494,7278.125,-2.1309587932537397,-38.81187369295526,25.381855631412776,-292.2454295162498
G2_MoonFall_Sora2,88,2.933333333333333,641.0382610309453,50.65820734871096,7274.81103515625,0.8074801196598855,-47.10578982781601,59.00662827220933,-276.81014396508874
G2_MoonFall_Sora2,89,2.966666666666667,641.1361815961316,49.05220254973386,7230.95703125,1.8028164248935354,-55.02488297114053,-31.01672717831278,-282.0494741782997
G2_MoonFall_Sora2,90,3.0,641.1584487926048,46.98988181730158,7162.89697265625,-1.2603016922275856,-66.08601970358109,-50.57723257149536,-293.55021227748813
G2_MoonFall_Sora2,91,3.033333333333333,641.0521614833164,44.646467902828476,7171.2509765625,-1.5689990798728104,-75.2394960352708,44.0833450506571,-291.5867738654741
G2_MoonFall_Sora2,92,3.066666666666667,641.0538488539465,41.97391541495017,7183.4296875,1.678587977816278,-81.86803949677551,56.640882303953916,-297.6439973364606
G2_MoonFall_Sora2,93,3.1,641.1640673485042,39.18859860304343,7226.1962890625,2.2070597403908323,-96.50694694522656,-17.033176271652394,-353.5527375083666
G2_MoonFall_Sora2,94,3.1333333333333333,641.2009861699726,35.540118951935085,7242.65869140625,0.5430428930394555,-109.62413214179185,-27.611489727169197,-376.5977413963752
G2_MoonFall_Sora2,95,3.1666666666666665,641.2002702080403,31.880323126923997,7248.828125,0.3662937585795589,-116.59453036208629,82.16546031811815,-359.4286585781174
G2_MoonFall_Sora2,96,3.2,641.2254057538778,27.767150261129302,7241.154296875,6.020740247580761,-126.38936996335156,108.12110141155128,-436.5204536276915
G2_MoonFall_Sora2,97,3.2333333333333334,641.6016528912123,23.454365129367204,7257.69677734375,7.574367186016389,-142.72366034329042,-65.71761720038944,-362.2314616138174
G2_MoonFall_Sora2,98,3.2666666666666666,641.7303635662789,18.252239571576638,7230.07275390625,1.6395657675548136,-155.73051622646653,-118.15323370206937,93.43434938515898
G2_MoonFall_Sora2,99,3.3,641.710957275716,13.07233071426947,7314.3720703125,-0.30251506078820967,-141.85189247572737,93.448436232627,662.4659854374171
G2_MoonFall_Sora2,100,3.3333333333333335,641.7101958955597,8.795446739861461,7423.5634765625,7.869461516396768,-141.9380717421845,222.7750971376453,1137.3545788208176
G2_MoonFall_Sora2,101,3.3666666666666667,642.2355880434758,3.6097925981238177,7344.75341796875,14.549158081721544,-120.23939531517028,-55.397351615229326,1434.1089452269189
G2_MoonFall_Sora2,102,3.4,642.6801397676744,0.7794870521834696,7031.72021484375,4.17630474204816,-5.354113988053953,-303.03110188148923,1486.0023283467444
G2_MoonFall_Sora2,103,3.433333333333333,642.5140083596124,3.2528516655868884,6921.64794921875,-5.652915377044337,80.70204497324676,-194.60324099666724,1313.3615586362184
G2_MoonFall_Sora2,104,3.466666666666667,642.3032787425382,6.159623383733276,7059.2119140625,-8.797244657729607,97.05016539663274,2.4287284754167615,988.0530948532963
G2_MoonFall_Sora2,105,3.5,641.9275253824304,9.722862692029082,7265.9287109375,-5.491000145349972,101.67645223507412,156.55214003605633,518.8423133817707
G2_MoonFall_Sora2,106,3.533333333333333,641.9372120661815,12.938053532738195,7294.0419921875,1.6395646780074458,89.37889757037351,173.2130195843638,-63.19806017564357
G2_MoonFall_Sora2,107,3.566666666666667,642.0368296942976,15.681455863387328,7357.75439453125,6.056534493607614,85.60227883265443,10.953268400570035,-391.26861036977175
G2_MoonFall_Sora2,108,3.6,642.3409810324221,18.64487212158184,7523.27001953125,2.3697825713788916,77.8906005806279,-102.64609054594052,-357.7763163341692
G2_MoonFall_Sora2,109,3.6333333333333337,642.1948151990562,20.87416256876253,7565.83447265625,-0.7865382094551023,66.73525152881552,18.143029589230885,-285.9701189187336
G2_MoonFall_Sora2,110,3.6666666666666665,642.2885451517916,23.093888890169524,7437.1767578125,3.579317877327412,59.951945593115056,34.64282096789517,-267.1658830290241
G2_MoonFall_Sora2,111,3.7,642.4334363908781,24.870958941636843,7322.01953125,1.522983188404396,51.85251343510777,-162.069711004834,-278.6487494126957
G2_MoonFall_Sora2,112,3.7333333333333334,642.3900773643519,26.550723119176723,7269.06982421875,-7.225329522994798,42.92033933878696,-150.5972687756917,-311.8120868741913
G2_MoonFall_Sora2,113,3.7666666666666666,641.9517477560117,27.732314897555966,7384.34375,-8.516834729975017,31.524011829539347,71.48236555644895,-334.0648529607205
G2_MoonFall_Sora2,114,3.8,641.8222883823536,28.652323907812672,7432.6953125,-2.459838485898217,20.07808909725327,110.69762246693305,-363.21306086591113
G2_MoonFall_Sora2,115,3.8333333333333335,641.7877585236185,29.070854170706184,7469.9072265625,-1.1369932321795204,7.855496984114666,10.352175510997018,-367.00041732043894
G2_MoonFall_Sora2,116,3.8666666666666663,641.7464888335414,29.176023706753654,7481.9228515625,-1.7696934518316993,-5.412897164836352,-0.6837385077238061,-330.39786658540436
G2_MoonFall_Sora2,117,3.9,641.6697789601632,28.709994359717086,7412.3583984375,-1.182575799361075,-18.3609608026228,108.43276783331109,-291.51267294513997
G2_MoonFall_Sora2,118,3.933333333333333,641.6676504469174,27.951959653245467,7352.7685546875,5.459157737055648,-27.744237329090538,78.56385769752842,-269.99655664988944
G2_MoonFall_Sora2,119,3.966666666666667,642.0337228093002,26.860378537777706,7326.69775390625,4.055014713807395,-35.03027564994193,-68.01372440972058,-278.84392742826077
G2_MoonFall_Sora2,120,4.0,641.9379847611712,25.616607943249335,7320.56982421875,0.9249094430742844,-37.7538174454146,-16.50412135999437,-325.0842023500267
G2_MoonFall_Sora2,121,4.033333333333333,642.0953834388386,24.343457374750074,7327.80029296875,2.954739956474441,-46.56631206527254,0.7567659436335834,-371.7112239233324
G2_MoonFall_Sora2,122,4.066666666666666,642.1349674249361,22.512187138897843,7312.19580078125,0.9753605059831898,-60.07034466950722,-22.64297761023052,-298.91347225875234
G2_MoonFall_Sora2,123,4.1,642.1604074725708,20.338767730116274,7363.69189453125,1.4452081157924113,-72.28225663811565,-20.76915480621097,-36.97747119542793
G2_MoonFall_Sora2,124,4.133333333333334,642.2313146326555,17.693370029690072,7350.693359375,-0.4092498144309502,-82.53969534164855,-57.79985676734162,310.16003321267436
G2_MoonFall_Sora2,125,4.166666666666667,642.1331241516089,14.836121374006325,7462.49365234375,-2.4081156686970644,-78.6842250702679,-33.369133501501096,635.9619399751123
G2_MoonFall_Sora2,126,4.2,642.0707735880757,12.447755025005563,7492.61865234375,-2.6338587145310157,-46.88402027709503,43.00972902996378,886.1949057875556
G2_MoonFall_Sora2,127,4.233333333333333,641.9575335706401,11.7105200222,7432.5703125,0.4591995999671781,13.625010595866371,37.16982546207886,992.5893400570133
G2_MoonFall_Sora2,128,4.266666666666667,642.1013868947401,13.356089064729986,7329.6279296875,-0.15587035039243347,60.71558730240179,-28.317138970296682,912.2946895461936
G2_MoonFall_Sora2,129,4.3,641.9471422139472,15.758225842360105,7326.05078125,-1.4286096647192608,77.86685291943058,9.726255284531396,645.5358802653694
G2_MoonFall_Sora2,130,4.333333333333333,642.0061462504256,18.547212592692006,7382.45703125,0.492546668576324,84.30972249838388,51.2290893537649,260.9558794673645
G2_MoonFall_Sora2,131,4.366666666666666,641.979978658519,21.378874008919013,7422.564453125,1.986662958865054,83.33843779303879,50.61470344149647,-106.48153384824151
G2_MoonFall_Sora2,132,4.4,642.1385904476832,24.103108445561304,7424.5419921875,3.866860231342798,72.23830503152112,-104.68385957099017,-323.26382021002667
G2_MoonFall_Sora2,133,4.433333333333334,642.2377693406087,26.19476101102049,7448.51416015625,-4.9922610125340725,55.583093983368485,-170.01030534114818,-387.70410696134445
G2_MoonFall_Sora2,134,4.466666666666667,641.8057730468477,27.808648044452525,7342.20458984375,-7.467160124733709,42.57816626701623,41.74255253354218,-421.30531607659003
G2_MoonFall_Sora2,135,4.5,641.7399586656264,29.033305428821564,7284.73095703125,-2.2094241769646032,33.63106040363431,81.3833329630782,-453.6733726903847
G2_MoonFall_Sora2,136,4.533333333333333,641.6584781017166,30.050718738028138,7348.4833984375,-2.041604593861848,22.801964378200637,25.95272104878868,-448.1064190761167
G2_MoonFall_Sora2,137,4.566666666666666,641.6038516927023,30.553436387368265,7386.98291015625,-0.4792427737120306,6.093712309620173,18.796113211565235,-431.80941056368744
G2_MoonFall_Sora2,138,4.6,641.6265285834692,30.456966225336146,7372.7138671875,-0.7885303797575034,-11.71854630213511,-2.8217615776340246,-425.8129777335287
G2_MoonFall_Sora2,139,4.633333333333334,641.5512830007184,29.7721999672259,7397.9072265625,-0.6673602122209559,-30.191221354370782,19.478520020875525,-431.7298110803376
G2_MoonFall_Sora2,140,4.666666666666667,641.5820379026544,28.444218135044764,7363.90478515625,0.5100376216341829,-40.857467126707945,90.76904138603854,-459.735005682931
G2_MoonFall_Sora2,141,4.7,641.5852855088274,27.04836882544538,7324.87890625,5.383909213514926,-51.19785164221571,83.75085354345202,-473.9797024994854
G2_MoonFall_Sora2,142,4.733333333333333,641.9409651835555,25.031028025563728,7264.71044921875,6.093427857864299,-63.23803241576678,-80.66354959793927,-413.46099304582134
G2_MoonFall_Sora2,143,4.766666666666667,641.991514032685,22.83249999772761,7311.94775390625,0.0063392403189936886,-73.92414644310719,-99.41822787149283,-230.5390292135747
G2_MoonFall_Sora2,144,4.8,641.9413877995767,20.102751596023268,7331.45849609375,-0.5344540002352005,-89.27337695484457,12.532885952168769,94.94664283303838
G2_MoonFall_Sora2,145,4.833333333333333,641.9558837660027,16.880941534071326,7363.31201171875,0.8418649704635754,-96.65158996222462,22.555373178220258,484.72505583679117
G2_MoonFall_Sora2,146,4.866666666666666,641.9975121309409,13.659312265208314,7309.984375,0.9692375449794781,-76.09221075716002,-35.641052057524995,793.6504859476487
G2_MoonFall_Sora2,147,4.9,642.0204996023346,11.808127483593978,7297.513671875,-1.5342051667048509,-33.1486733456361,-41.96597635764972,949.458367468236
G2_MoonFall_Sora2,148,4.933333333333334,641.8952317864939,11.449400708832513,7467.05078125,-1.8284942121972563,21.222113494773765,56.01495943737992,973.2066611355923
G2_MoonFall_Sora2,149,4.966666666666667,641.898599988188,13.222935049912223,7570.86572265625,2.200125462453798,67.214406003232,62.556332387685174,840.5848640664982
G2_MoonFall_Sora2,150,5.0,642.0419068173242,15.930361109047965,7497.25390625,2.341927946981741,78.33083716088225,-46.25037936017195,538.5273046789462
G2_MoonFall_Sora2,151,5.033333333333333,642.0547285179869,18.444990860637688,7412.78662109375,-0.883233161557655,71.05293852831775,-20.27002821602771,167.65271682850624
G2_MoonFall_Sora2,152,5.066666666666666,641.9830246065537,20.667223677602465,7379.46533203125,0.9905927325798984,67.07458500275828,58.342152304840255,-174.09314548513052
G2_MoonFall_Sora2,153,5.1,642.1207680334921,22.91662986082156,7387.99951171875,3.0062436587650154,64.73687656583195,5.99495932517269,-389.67236762689106
G2_MoonFall_Sora2,154,5.133333333333334,642.1834408504714,24.983015448657966,7503.6796875,1.390256687591318,52.55449170485383,-35.360346129954664,-449.51921075538615
G2_MoonFall_Sora2,155,5.166666666666667,642.2134518126649,26.4202626411452,7503.8408203125,0.6488872501013248,38.493845827876896,-146.98929858926073,-469.3027293439542
G2_MoonFall_Sora2,156,5.2,642.2267000004781,27.549271837183085,7487.1025390625,-8.40902988502603,18.786809455250534,-131.6933663467812,-504.67979239434777
G2_MoonFall_Sora2,157,5.233333333333333,641.6528498203298,27.672716604828565,7483.36669921875,-8.130670506350725,-3.7026597832272046,127.37812184114816,-534.3722498990147
G2_MoonFall_Sora2,158,5.266666666666667,641.6846553000547,27.302427851634604,7503.60205078125,0.08284490438381908,-15.852069319314012,119.63776716089382,-553.0723423826931
G2_MoonFall_Sora2,159,5.3,641.6583728139555,26.61591198354097,7482.7509765625,-0.154819362291164,-33.921185301971775,15.611654646281803,-569.8682802466114
G2_MoonFall_Sora2,160,5.333333333333333,641.6743340092353,25.041015498169827,7452.0673828125,1.1236218808026024,-49.064301724966015,76.03060541476252,-505.63711149085117
G2_MoonFall_Sora2,161,5.366666666666666,641.7332809393422,23.344958535209912,7427.6318359375,4.913887665359653,-58.09010664781033,-49.773034505683135,-247.83182896193884
G2_MoonFall_Sora2,162,5.4,642.0019265202592,21.168341721649085,7419.4228515625,-2.194580419576596,-74.98117804972497,-88.09668900679334,131.5593989687019
G2_MoonFall_Sora2,163,5.433333333333334,641.5869755780371,18.346213331894887,7489.10546875,-0.9592249350935163,-81.95041158075043,116.99861111541435,496.925199206181
G2_MoonFall_Sora2,164,5.466666666666667,641.9379781912529,15.704980949599076,7486.31103515625,5.6053269881176675,-66.77603409905882,22.535122527851932,739.5581496023636
G2_MoonFall_Sora2,165,5.5,641.9606640439116,13.894477725290983,7546.1689453125,0.543116566763274,-15.182686847148005,-58.57005570700514,809.4821056611481
G2_MoonFall_Sora2,166,5.533333333333333,641.9741859623705,14.692801826455877,7515.50634765625,1.7006566076506715,41.157192433569065,4.9667460679484225,723.1975603323101
G2_MoonFall_Sora2,167,5.566666666666666,642.0740411510884,16.638290554195578,7544.1875,0.8742329712931678,62.82654376042379,-28.787874178197043,464.2460168214078
G2_MoonFall_Sora2,168,5.6,642.0324681604567,18.881238077150783,7535.041015625,-0.21853500422912475,55.88512821318582,11.14094988068118,54.93782224288082
G2_MoonFall_Sora2,169,5.633333333333334,642.0594721508064,20.36396576840798,7522.3359375,1.6169629633386648,37.04961038453547,26.703242505935926,-418.90370479965117
G2_MoonFall_Sora2,170,5.666666666666667,642.1402656913459,21.35121210278652,7452.67138671875,1.561681162833338,15.237286683496393,-20.606358331633672,-826.4334914964139
G2_MoonFall_Sora2,171,5.7,642.1635842283287,21.37978488064107,7452.626953125,0.24320574122975813,-10.57605873448864,3.4588494043055213,-901.3062931989674
G2_MoonFall_Sora2,172,5.733333333333333,642.1564794074279,20.646141520487276,7449.91796875,1.792271123120372,-33.2785848657407,11.864517445365022,-528.8085387882819
G2_MoonFall_Sora2,173,5.766666666666667,642.28306896987,19.161212556258363,7499.5185546875,1.034173570920757,-54.96551395120795,-60.2952333598025,-23.436379001286593
G2_MoonFall_Sora2,174,5.8,642.225424312156,16.981773923740093,7467.18212890625,-2.2274111008664477,-72.88392553794887,-32.68253843754803,347.7317919313903
G2_MoonFall_Sora2,175,5.833333333333333,642.134574896479,14.302284187061787,7490.04638671875,-1.144662324915771,-67.28815609057386,31.981189948146604,532.1301968834466
G2_MoonFall_Sora2,176,5.866666666666666,642.149113490495,12.495896851035184,7492.9521484375,-0.09533177099001477,1.4787944467644252,10.891955355782997,483.6490791439933
G2_MoonFall_Sora2,177,5.9,642.1282194450796,14.400870483512847,7590.41748046875,-0.4185319678636006,57.98433498748466,4.400819714765353,283.0230801113025
G2_MoonFall_Sora2,178,5.933333333333334,642.1212113593042,16.3615191835342,7541.3818359375,0.19805620999431994,42.68313819401175,15.692953161187742,84.74300065315241
G2_MoonFall_Sora2,179,5.966666666666667,642.1414231924125,17.246413029780285,7504.83203125,0.627664909548912,16.71932863843955,4.589413608855482,-74.88167012261839
G2_MoonFall_Sora2,180,6.0,642.1630556866074,17.4761410927635,7515.5830078125,0.504017117251351,-18.419530427932585,-32.985430813241805,-254.87520208605673
G2_MoonFall_Sora2,181,6.033333333333333,642.1750243335626,16.018444334584785,7517.625,-1.5713638113338675,-40.040730010137935,-37.45162568795435,-298.7865308386614
G2_MoonFall_Sora2,182,6.066666666666666,642.0582980991851,14.806759092087646,7531.25634765625,-1.9927579286122636,-25.862669531953287,41.80590963747832,-93.25146842766124
G2_MoonFall_Sora2,183,6.1,642.0421738049885,14.294266365787905,7573.88818359375,1.2156968311646779,6.604936621417551,61.19924573307833,110.56018126753672
G2_MoonFall_Sora2,184,6.133333333333334,642.1393445545959,15.24708820018219,7554.87646484375,2.087191786926269,19.66022512898755,-15.224378541243869,189.8087937964525
G2_MoonFall_Sora2,185,6.166666666666667,642.1813199241169,15.604948041053774,7530.7197265625,0.20073826174848364,3.4349506988354506,-28.495320752727007,158.19359966505345
G2_MoonFall_Sora2,186,6.2,642.1527271053791,15.476084913437887,7512.47021484375,0.18750373674447474,-5.643486333243288,-13.39002170203462,18.89939490494071
G2_MoonFall_Sora2,187,6.233333333333333,642.1938201732332,15.228715618837555,7517.5166015625,-0.6919298517204879,-6.665093168049083,-18.52320807074654,-97.59802003678205
G2_MoonFall_Sora2,188,6.266666666666667,642.1065984485978,15.031745368901284,7524.7548828125,-1.0473768013052904,-1.908481664830532,11.113464296513522,-82.43548519928997
G2_MoonFall_Sora2,189,6.3,642.1239950531461,15.101483507848855,7544.52880859375,0.0489677680470777,1.9273422030079246,16.049456978316865,14.13965765081822
G2_MoonFall_Sora2,190,6.333333333333333,642.1098629664675,15.160234849101812,7553.26220703125,0.022586997249163687,1.2145365432559458,0.2802302369673281,53.75805950215461
G2_MoonFall_Sora2,191,6.366666666666666,642.1255008529628,15.182452610732582,7553.03857421875,0.0676497838448995,0.33575309888081506,-7.737591846662009,24.146047099470415
G2_MoonFall_Sora2,192,6.4,642.1143729520572,15.182618389027198,7549.4169921875,-0.4932524591949914,-0.5407158301114237,-3.862547638318191,-5.799737726393047
G2_MoonFall_Sora2,193,6.433333333333334,642.0926173556832,15.146404888725158,7546.38037109375,-0.18985339204300544,-0.44848798355988606,12.49311323807892,-15.372233728620685
G2_MoonFall_Sora2,194,6.466666666666667,642.1017160592544,15.152719190123207,7545.83251953125,0.33962175667693373,0.20167894056868363,9.27519134595062,-5.352771990927738
G2_MoonFall_Sora2,195,6.5,642.1152588061283,15.159850151429737,7544.97216796875,0.4284926976870338,-0.10439043619157928,1.710203251022909,3.199575822514333
G2_MoonFall_Sora2,196,6.533333333333333,642.1302822391001,15.145759827710435,7545.931640625,0.4536353067451273,0.05338658186758494,-8.364547633882495,3.6095336782967182
G2_MoonFall_Sora2,197,6.566666666666666,642.1455011599113,15.163409256887576,7549.8681640625,-0.12914381123846397,0.15779817477010738,-12.175976389889954,1.997065487809568
G2_MoonFall_Sora2,198,6.6,642.1216726516842,15.156279706028442,7553.3935546875,-0.35809645258086675,0.08220524141762553,2.243105816723718,1.1848238267045874
G2_MoonFall_Sora2,199,6.633333333333334,642.1216280630725,15.168889606315417,7552.24658203125,0.02039657654313487,0.10078741148331005,1.3208350033889404,0.9946901248880515
G2_MoonFall_Sora2,200,6.666666666666667,642.1230324234538,15.162998866793998,7556.14794921875,-0.27004078568825207,-0.07424461900740198,-4.339492856261146,-2.6474304476127672
G2_MoonFall_Sora2,201,6.7,642.1036253440267,15.163939965048257,7550.45068359375,-0.2689029472076072,0.17058413286466134,2.859548896076386,-4.785181866992324
G2_MoonFall_Sora2,202,6.733333333333333,642.1051055603066,15.174371142318307,7549.54345703125,-0.07940419261649367,0.27064379188576027,2.7116218091850994,-2.991556152634705
G2_MoonFall_Sora2,203,6.766666666666667,642.0983317311856,15.181982884507306,7553.84326171875,-0.08812815992860124,0.11186439010344884,12.18538954952241,-1.1037988224760111
G2_MoonFall_Sora2,204,6.8,642.0992303496447,15.181828768325204,7553.01611328125,0.7329551106849976,-0.9038433615774295,6.337108522075162,0.23433606771760623
G2_MoonFall_Sora2,205,6.833333333333333,642.1471954052312,15.121726660402146,7550.3447265625,0.33434574154307484,-0.7451429410915296,-14.986056362822689,1.3516463362401985
G2_MoonFall_Sora2,206,6.866666666666666,642.1215200657476,15.132152572252437,7540.31884765625,-0.2661153135031782,0.18914538913469414,-3.7867341503991847,3.258673404820127
G2_MoonFall_Sora2,207,6.9,642.129454384331,15.134336353011122,7539.5302734375,0.08189679818315199,0.2850726909033483,7.217445858359341,4.996511248282131
G2_MoonFall_Sora2,208,6.933333333333334,642.1269798522933,15.151157418312664,7537.5126953125,0.21504774372078828,0.33519276840650036,-2.8582535616988123,5.523519136750747
G2_MoonFall_Sora2,209,6.966666666666667,642.143790900579,15.156682537571555,7535.67822265625,-0.10865343926343485,0.276490699223757,-10.149533040075802,2.505438107505225
G2_MoonFall_Sora2,210,7.0,642.1197362896756,15.169590131594248,7539.93505859375,-0.46158779228426283,0.47397023570741226,-2.437281723405258,-1.9456072863345943
G2_MoonFall_Sora2,211,7.033333333333333,642.1130183810934,15.18828055328538,7539.65771484375,-0.27113888749045145,0.3066323954326151,3.4114242370105905,-2.586139270668987
G2_MoonFall_Sora2,212,7.066666666666666,642.101660363843,15.190032291289754,7540.10400390625,-0.23415950981689093,0.046195016477668105,4.627088863544502,-2.294399114724481
G2_MoonFall_Sora2,213,7.1,642.0974077471056,15.191360221050559,7540.99560546875,0.037333703412514296,0.09048104347385788,1.9195052595661413,-2.3212595250788337
G2_MoonFall_Sora2,214,7.133333333333334,642.1041492774038,15.196064360854677,7544.619140625,-0.1061924925124913,0.05302843173123506,-7.709272651745792,-1.6477413969202634
G2_MoonFall_Sora2,215,7.166666666666667,642.0903282476048,15.194895449832643,7545.47900390625,-0.4766178067038709,0.08039634005143625,2.3125694876216665,-0.8173218861563012
G2_MoonFall_Sora2,216,7.2,642.072374756957,15.201424116858107,7547.92138671875,0.04797880666228593,-0.08294640800983188,10.566043526778266,-0.5078966532771914
G2_MoonFall_Sora2,217,7.233333333333333,642.0935268347156,15.189365689298654,7547.25244140625,0.22778509508134448,-0.12806243877008683,-1.1740216549515066,-1.0955448407191228
G2_MoonFall_Sora2,218,7.266666666666667,642.0875604299623,15.1928866209401,7547.17578125,-0.030289303667814238,0.0648149350288918,-3.738469918525892,-0.9054195069937219
G2_MoonFall_Sora2,219,7.3,642.0915075478044,15.193686684967247,7546.6962890625,-0.02144623282038083,-0.013188466203928328,-0.9535701199547508,-0.5613832590466875
G2_MoonFall_Sora2,220,7.333333333333333,642.0861306811076,15.192007389859839,7545.7509765625,-0.09386064499813074,-0.2110065007968842,-6.0553975728817235,-0.24680209961126953
G2_MoonFall_Sora2,221,7.366666666666666,642.0852501714712,15.179619584914121,7537.2109375,-0.42513940434582764,-0.24348415041228577,-7.090395598543189,-0.20007963001531584
G2_MoonFall_Sora2,222,7.4,642.0577880541512,15.175775113165685,7536.85400390625,-0.5665536849010095,-0.10711898751569038,5.577920199775898,-2.0355279999736027
G2_MoonFall_Sora2,223,7.433333333333334,642.0474799258112,15.172478319079744,7534.32421875,-0.05327805769411498,-0.06544317243938735,8.2522997960223,-2.9959916255708885
G2_MoonFall_Sora2,224,7.466666666666667,642.0542361836382,15.17141223500306,7535.77099609375,-0.016400365166191477,-0.24763462993720964,-1.4631402740997195,-0.5831765344417779
G2_MoonFall_Sora2,225,7.5,642.0463865681334,15.155969343750598,7540.14892578125,-0.15082074263409595,-0.18455282591787636,-3.1997662944741134,2.9147805684658414
G2_MoonFall_Sora2,226,7.533333333333333,642.0441814674626,15.159108713275202,7544.3466796875,-0.22971811813113163,-0.39772642396712854,-1.8158661562301925,4.61571967700009
G2_MoonFall_Sora2,227,7.566666666666666,642.0310720269247,15.129454248819457,7551.50244140625,-0.271878486382775,-0.48597548158085146,10.081364379166224,5.298973644948496
G2_MoonFall_Sora2,228,7.6,642.0260562350371,15.126710347836479,7552.67919921875,0.4423728404799476,0.18942602269220288,10.739911669070532,5.706529596632697
G2_MoonFall_Sora2,229,7.633333333333334,642.0605635496233,15.14208265033227,7542.30908203125,0.4441156248885818,0.9088165554319687,-10.351207746143876,4.600122526406167
G2_MoonFall_Sora2,230,7.666666666666667,642.0556639433631,15.187298118198612,7532.765625,-0.2477076759296324,0.8552462006162216,-14.713106205945275,2.6740983755513215
G2_MoonFall_Sora2,231,7.7,642.0440497045614,15.199099063706683,7532.9423828125,-0.5367581221744331,0.442010947361382,-5.226604265026271,-0.7371017301032343
G2_MoonFall_Sora2,232,7.733333333333333,642.0198800685514,15.21676551468937,7531.72021484375,-0.596147960264716,0.37395585566173395,2.0908687178143817,-5.886913335300807
G2_MoonFall_Sora2,233,7.766666666666667,642.0043065072103,15.224029454084132,7532.759765625,-0.3973668743201415,0.17390559812980655,7.653844029582641,-7.715798708432664
G2_MoonFall_Sora2,234,7.8,641.9933889435968,15.228359221231358,7535.62548828125,-0.08589169162587496,0.011858885808919695,10.331793234845499,-5.023644532054242
G2_MoonFall_Sora2,235,7.833333333333333,641.9985803944353,15.224820046471393,7538.09912109375,0.2914193413362227,-0.17140403898906698,11.426438939115581,-1.7097373267195688
G2_MoonFall_Sora2,236,7.866666666666666,642.0128168996858,15.216932285298753,7536.96044921875,0.6758709043151612,-0.413081955946069,3.1535891478144658,-0.026982497038494608
G2_MoonFall_Sora2,237,7.9,642.0436384547229,15.19728124940832,7539.84521484375,0.5016586178571742,-0.2836541676870752,-8.711388903620911,0.06417836062666996
G2_MoonFall_Sora2,238,7.933333333333334,642.046260807543,15.198022007452948,7538.00244140625,0.09511164407376782,0.10436078940500693,-5.5560253720341475,0.1562422269454431
G2_MoonFall_Sora2,239,7.966666666666667,642.0499792309945,15.204238635368654,7539.1083984375,0.1312569263882324,-0.024020763046053162,-6.249796456195348,0.6773358177469914
G2_MoonFall_Sora2,240,8.0,642.0550112693022,15.196420623249878,7539.34912109375,-0.32154145300592063,0.0028219322464906327,-6.318615106329183,0.3140574203105891
G2_MoonFall_Sora2,241,8.033333333333333,642.0285431341274,15.204426764185087,7538.23388671875,-0.2899840807003784,-0.17542730976032317,2.589546337985676,-0.8088242879508007
G2_MoonFall_Sora2,242,8.066666666666666,642.0356789972556,15.184725469265857,7541.68896484375,-0.14890503047354287,-0.39187787918052663,0.1689569649806808,-0.8220601515103727
G2_MoonFall_Sora2,243,8.1,642.0186161320959,15.178301572239718,7542.427734375,-0.27872028303499974,-0.14056318118633726,3.143595919391384,-0.2142542785898625
G2_MoonFall_Sora2,244,8.133333333333333,642.0170976450532,15.1753545905201,7540.5625,0.060668030819215346,-0.1263291590436495,6.963264659743824,-0.6548732943411646
G2_MoonFall_Sora2,245,8.166666666666666,642.0226606674838,15.169879628303477,7536.20263671875,0.18549736094792024,-0.23103013484760027,0.6787371744758299,-0.6664219645064045
G2_MoonFall_Sora2,246,8.2,642.0294641357831,15.159952581530263,7539.52734375,0.10591717578427051,-0.012326442498817869,-0.633002178556128,0.888323320823834
G2_MoonFall_Sora2,247,8.233333333333333,642.0297218125361,15.169057865470222,7535.95654296875,0.1432972157108452,-0.044959399475033024,1.9351033959173067,1.8516985887998603
G2_MoonFall_Sora2,248,8.266666666666667,642.0390172834972,15.156955288231927,7535.67236328125,0.23492406884543016,-0.42877997520776034,-1.5368083438354114,2.6231961016532925
G2_MoonFall_Sora2,249,8.3,642.0453834171258,15.140472533789705,7533.87646484375,0.040843326121830614,-0.23275768195475166,-5.335481139900384,3.57479372414728
G2_MoonFall_Sora2,250,8.333333333333334,642.0417401719052,15.141438109434944,7533.2724609375,-0.12077467381459428,0.2022325772605882,-2.9227565905694166,2.9154088626171792
G2_MoonFall_Sora2,251,8.366666666666667,642.0373317722048,15.153954705607077,7529.865234375,-0.15400711324946315,0.5359240717365594,-2.2853892149032697,2.381204374962817
G2_MoonFall_Sora2,252,8.4,642.031473031022,15.177166380884046,7532.265625,-0.27313395480814506,0.408840376357233,-1.275572481354179,2.553160798599169
G2_MoonFall_Sora2,253,8.433333333333334,642.0191228418843,15.181210730697558,7532.15869140625,-0.2390452786730748,0.371305927289427,4.806989498247293,0.944361046831755
G2_MoonFall_Sora2,254,8.466666666666667,642.0155366791104,15.201920109370008,7531.1865234375,0.04733201174167334,0.25369500517797405,4.972050034202783,-1.0393322542527323
G2_MoonFall_Sora2,255,8.5,642.0222783093337,15.198123731042756,7532.9697265625,0.09242472360710963,0.15092573457877734,2.43375615375954,-1.2018119979924842
G2_MoonFall_Sora2,256,8.533333333333333,642.0216983273509,15.211981825008593,7537.05126953125,0.2095824219923088,0.29569844957933356,4.98899628055371,-1.0033892283560766
G2_MoonFall_Sora2,257,8.566666666666666,642.0362504707998,15.217836961014712,7536.525390625,0.42502447564402246,0.3129639985945687,1.629311268543466,-1.3143953020368022
G2_MoonFall_Sora2,258,8.6,642.0500332923938,15.232846091581564,7536.32666015625,0.3182031732285395,0.2639603615406827,-2.108223772202117,-2.3662613410752336
G2_MoonFall_Sora2,259,8.633333333333333,642.0574640156817,15.235434318450757,7533.85888671875,0.28447622416388185,0.2325067939838732,-3.777588948505594,-3.1608486522320196
G2_MoonFall_Sora2,260,8.666666666666666,642.0689983740048,15.248346544513822,7535.71484375,0.0663639099948341,0.030653918782093115,-7.206329596929233,-2.2111497196269347
G2_MoonFall_Sora2,261,8.7,642.0618882763481,15.23747791303623,7538.0390625,-0.19594574896473205,-0.2780959084185497,-2.858604949633455,-1.1548555999867787
G2_MoonFall_Sora2,262,8.733333333333333,642.0559353240737,15.229806817285919,7538.080078125,-0.12420975331406225,-0.17445444940420884,-0.8374645427282332,-0.6267128248395543
G2_MoonFall_Sora2,263,8.766666666666667,642.0536076261272,15.225847616409283,7539.14453125,-0.2517767184799595,-0.30752257322347987,1.0276592337506902,-0.47510646594395345
G2_MoonFall_Sora2,264,8.8,642.0391502095083,15.209305312404354,7543.47900390625,-0.05569913773069857,0.11332475356880423,9.423059387900171,0.21493276881399245
G2_MoonFall_Sora2,265,8.833333333333334,642.0498943502786,15.233402599980536,7536.623046875,0.37642724071338307,0.25862191313564153,3.216320681121953,1.5054579893370532
G2_MoonFall_Sora2,266,8.866666666666667,642.0642453588891,15.226546773280063,7535.5048828125,0.15872224101076426,-0.17296024169496604,-3.3986504836684737,1.2404211759462291
G2_MoonFall_Sora2,267,8.9,642.0604758330126,15.221871917200872,7535.97509765625,0.1498505418021523,-0.13457158289043036,2.2881642350512346,1.1135186181513135
G2_MoonFall_Sora2,268,8.933333333333334,642.0742353950094,15.217575334420701,7534.11572265625,0.3112665233475127,-0.1701980631241895,-1.584348206424698,0.9151046849871906
G2_MoonFall_Sora2,269,8.966666666666667,642.0812269345691,15.21052537965926,7539.40283203125,0.04422732804050611,0.18301389434668636,-3.5212696187500234,0.587761556306014
G2_MoonFall_Sora2,270,9.0,642.0771838835453,15.22977626071048,7533.61328125,0.07651521543084527,0.18988940959414435,-0.4778187894954505,1.0863182222709944
G2_MoonFall_Sora2,271,9.033333333333331,642.0863279489312,15.223184673632204,7533.43603515625,0.012372742074148846,0.14121590588214872,-1.2063193002359993,-0.34995853151663275
G2_MoonFall_Sora2,272,9.066666666666666,642.0780087330169,15.239190654435959,7532.43701171875,-0.0039060712515492924,0.24378377662884532,1.576426970605172,-2.157916263551382
G2_MoonFall_Sora2,273,9.1,642.0860675441811,15.23943692540746,7533.4921875,0.11746787344782206,-0.015835017724157296,0.12385317733787857,-2.08510463449358
G2_MoonFall_Sora2,274,9.133333333333333,642.08583992458,15.238134986587681,7533.439453125,0.004350807237642584,-0.1546974767720144,-1.0443259881594749,-0.7056997094342935
G2_MoonFall_Sora2,275,9.166666666666666,642.086357597997,15.229123760289326,7531.01708984375,0.047846140903857304,-0.25032382176533474,-0.416198868388166,0.5307754080648464
G2_MoonFall_Sora2,276,9.2,642.0890296673069,15.221446731803326,7532.52587890625,-0.023395783988235053,-0.20169424216504694,-3.9712253573179757,0.9775179614383942
G2_MoonFall_Sora2,277,9.233333333333333,642.0847978790645,15.215677477478323,7532.7255859375,-0.21690221625067352,0.10706621663953797,-0.5583889930860944,1.9096947777933122
G2_MoonFall_Sora2,278,9.266666666666667,642.0745695195569,15.228584479579297,7529.03662109375,-0.060621716860623565,0.33944792820986436,5.276622534911349,2.174550037889988
G2_MoonFall_Sora2,279,9.3,642.0807564312737,15.238307339358983,7528.79931640625,0.1348726194100891,0.1715050552340358,2.5724809106304836,1.0287219040948399
G2_MoonFall_Sora2,280,9.333333333333334,642.0835610275176,15.240018149928233,7527.27392578125,0.11087701051474141,0.037752921318201516,1.1386210570799484,-1.6294355914227043
G2_MoonFall_Sora2,281,9.366666666666667,642.0881482319747,15.240824200780196,7526.322265625,0.21078068988208543,0.06050528447332226,-0.8256788496873952,-4.861545490574997
G2_MoonFall_Sora2,282,9.4,642.0976130735097,15.244051835559787,7519.76953125,0.05583175386891526,-0.004884378456040395,-5.862570574581715,-4.083046909386137
G2_MoonFall_Sora2,283,9.433333333333334,642.0918703488993,15.240498575549793,7521.11474609375,-0.18005734842336096,-0.17836846889480285,-4.748944653356389,-0.9383641018152241
G2_MoonFall_Sora2,284,9.466666666666669,642.0856092502814,15.232160604300134,7522.4091796875,-0.2607645563548431,-0.37159051763157436,0.5606688479113946,-0.45882894304819166
G2_MoonFall_Sora2,285,9.5,642.0744860451424,15.215725874374357,7522.4248046875,-0.14267942522928934,-0.6187461620894226,6.131849851426873,0.009146361914811663
G2_MoonFall_Sora2,286,9.533333333333331,642.0760972885995,15.190910860160841,7521.72607421875,0.14802543374025845,-0.24983675453486853,-0.0558078592157214,1.9659457459768217
G2_MoonFall_Sora2,287,9.566666666666666,642.0843544073917,15.1990700907387,7525.4658203125,-0.14639994917706645,0.3894521340589563,-5.852498257226832,3.2593089373039152
G2_MoonFall_Sora2,288,9.6,642.0663372919877,15.216874335764771,7525.4560546875,-0.24214111674154992,-0.10148439269613618,5.682643792488326,3.4197728146961532
G2_MoonFall_Sora2,289,9.633333333333333,642.0682116662756,15.192304464558958,7528.59765625,0.232442970322154,-0.2111274630118487,7.611251204252794,2.1538744764954725
G2_MoonFall_Sora2,290,9.666666666666666,642.0818334900091,15.202799171563981,7531.3828125,0.26527563020863454,0.33030881859616557,-3.279397794758563,-0.4991484255722823
G2_MoonFall_Sora2,291,9.7,642.0858967082895,15.21432505246537,7527.37109375,0.01381645067158388,0.1713021622228439,-4.4458278313868655,-2.2209705458361606
G2_MoonFall_Sora2,292,9.733333333333333,642.0827545867205,15.214219315712171,7527.75830078125,-0.031112891883822158,0.054120993605437206,1.744970083100065,0.4615799238760332
G2_MoonFall_Sora2,293,9.766666666666667,642.0838225154973,15.21793311870573,7526.98779296875,0.13014778954493522,-0.03187753206535149,2.9775662590325878,2.664825981744907
G2_MoonFall_Sora2,294,9.8,642.0914311060235,15.212094146907816,7525.11767578125,0.16739152538502822,-0.11135750977075531,-2.1001374535171706,0.6850182319713544
G2_MoonFall_Sora2,295,9.833333333333334,642.094981950523,15.210509284721013,7522.79541015625,-0.00986137402287568,-0.016198810958201193,-13.492233113347584,-1.8692214098778415
G2_MoonFall_Sora2,296,9.866666666666667,642.0907736810886,15.21101422617727,7527.41357421875,-0.7320906821714743,0.16646333520100143,-11.779459622630425,-5.245994032996279
G2_MoonFall_Sora2,297,9.9,642.046175905045,15.22160684040108,7521.4296875,-0.7951586821982346,0.37759374154205716,9.66482907510002,-9.445299637383956
G2_MoonFall_Sora2,298,9.933333333333334,642.0377631022754,15.236187142280073,7519.595703125,-0.08776874383147515,-0.30279844956137936,13.08007916435152,-14.467138223040871
G2_MoonFall_Sora2,299,9.966666666666669,642.0403246554563,15.201420277096986,7522.4833984375,0.0768465954251913,-1.0430059554925655,4.938460177699747,-20.31150978996703
